<?xml version="1.0" encoding="utf-8"?>
<browserconfig>
  <msapplication>
    <tile>
      <square70x70logo src="/assets/img/icons/microsoft/mstile-70x70.png?v=gAAmLMYXpw"/>
      <square150x150logo src="/assets/img/icons/microsoft/mstile-150x150.png?v=gAAmLMYXpw"/>
      <square310x310logo src="/assets/img/icons/microsoft/mstile-310x310.png?v=gAAmLMYXpw"/>
      <wide310x150logo src="/assets/img/icons/microsoft/mstile-310x150.png?v=gAAmLMYXpw"/>
      <TileColor>#56817A</TileColor>
    </tile>
  </msapplication>
</browserconfig>
